{
    "new-folders": [
        ".minecraft/versions/洛雨/config/extendedcrafting",
        ".minecraft/versions/洛雨/config/extendedcrafting/singularities"
    ],
    "move-files": [],
    "change-logs": [""],
    "old-files": [],
    "old-folders": [],
    "new-files": [
        {
            "mode": "f",
            "path": ".minecraft/versions/洛雨/config/extendedcrafting/singularities/aluminum.json",
            "old-hash": "",
            "new-hash": "9178d94d0744232dac102175a0b745dbb3563a93",
            "bzipped-hash": "82941b81485182bc5cd38c55ada9d4f322bd148b",
            "raw-hash": "9178d94d0744232dac102175a0b745dbb3563a93",
            "raw-length": 157
        },
        {
            "mode": "f",
            "path": ".minecraft/versions/洛雨/config/extendedcrafting/singularities/bronze.json",
            "old-hash": "",
            "new-hash": "49e8180669c1fbccd6ad77005f93e1cd93b959bd",
            "bzipped-hash": "894018aba1ffffeaa8e8ef0138b17871040186ed",
            "raw-hash": "49e8180669c1fbccd6ad77005f93e1cd93b959bd",
            "raw-length": 153
        },
        {
            "mode": "f",
            "path": ".minecraft/versions/洛雨/config/extendedcrafting/singularities/coal.json",
            "old-hash": "",
            "new-hash": "219f140702a905f6e035507f0f5481cf72d9f81d",
            "bzipped-hash": "650f5944f0752585319df001226e0c0c0188cf82",
            "raw-hash": "219f140702a905f6e035507f0f5481cf72d9f81d",
            "raw-length": 147
        },
        {
            "mode": "f",
            "path": ".minecraft/versions/洛雨/config/extendedcrafting/singularities/copper.json",
            "old-hash": "",
            "new-hash": "059c036fdb7961727f562f6a53db6bbd3fdf7db7",
            "bzipped-hash": "0a2f911ca4c8fa9d33ae6d0db1c116319d710932",
            "raw-hash": "059c036fdb7961727f562f6a53db6bbd3fdf7db7",
            "raw-length": 157
        },
        {
            "mode": "f",
            "path": ".minecraft/versions/洛雨/config/extendedcrafting/singularities/diamond.json",
            "old-hash": "",
            "new-hash": "fa42e8bebecec76a6063410d0c01d4cbf0df27da",
            "bzipped-hash": "5549f2d865e8177924d15059005e27d5bb3889d2",
            "raw-hash": "fa42e8bebecec76a6063410d0c01d4cbf0df27da",
            "raw-length": 153
        },
        {
            "mode": "f",
            "path": ".minecraft/versions/洛雨/config/extendedcrafting/singularities/electrum.json",
            "old-hash": "",
            "new-hash": "55fb7f3b45b0d476bd6f40bfad555e623fb41672",
            "bzipped-hash": "ba520ee20d9f2b687fd12947c5d37533a88e156b",
            "raw-hash": "55fb7f3b45b0d476bd6f40bfad555e623fb41672",
            "raw-length": 157
        },
        {
            "mode": "f",
            "path": ".minecraft/versions/洛雨/config/extendedcrafting/singularities/emerald.json",
            "old-hash": "",
            "new-hash": "47221a5fdf07f09af6af7bce79feccea5ab60fa5",
            "bzipped-hash": "3f238be9f4e284a9dec511e59d61130d2d665f78",
            "raw-hash": "47221a5fdf07f09af6af7bce79feccea5ab60fa5",
            "raw-length": 151
        },
        {
            "mode": "f",
            "path": ".minecraft/versions/洛雨/config/extendedcrafting/singularities/glowstone.json",
            "old-hash": "",
            "new-hash": "c417681e8ca4a2e8941b8f05f0434afab86a3a72",
            "bzipped-hash": "b87114de171c2a3b8e8d5c8ba3a7fe6579f3e863",
            "raw-hash": "c417681e8ca4a2e8941b8f05f0434afab86a3a72",
            "raw-length": 162
        },
        {
            "mode": "f",
            "path": ".minecraft/versions/洛雨/config/extendedcrafting/singularities/gold.json",
            "old-hash": "",
            "new-hash": "423fd110b8764405dd2d45441cf7acff2ba4f949",
            "bzipped-hash": "76e66118f2c00313f5732550077cf003bac2d8d4",
            "raw-hash": "423fd110b8764405dd2d45441cf7acff2ba4f949",
            "raw-length": 153
        },
        {
            "mode": "f",
            "path": ".minecraft/versions/洛雨/config/extendedcrafting/singularities/invar.json",
            "old-hash": "",
            "new-hash": "1e44289f53c38aaf0d26db8faba8acff9902096a",
            "bzipped-hash": "ebd566b07c64ad688353c8538d9f5173e662e609",
            "raw-hash": "1e44289f53c38aaf0d26db8faba8acff9902096a",
            "raw-length": 151
        },
        {
            "mode": "f",
            "path": ".minecraft/versions/洛雨/config/extendedcrafting/singularities/iron.json",
            "old-hash": "",
            "new-hash": "40530b56cbf09d665b78915a98044997a8f8292a",
            "bzipped-hash": "c5ec2d70297a7c8f9b31d1ff1fb40d1681d6803f",
            "raw-hash": "40530b56cbf09d665b78915a98044997a8f8292a",
            "raw-length": 153
        },
        {
            "mode": "f",
            "path": ".minecraft/versions/洛雨/config/extendedcrafting/singularities/lapis_lazuli.json",
            "old-hash": "",
            "new-hash": "128e34ebf7e519459221dbbbbce3283e925b22b7",
            "bzipped-hash": "bee8d07d42754402e100e8d5b3095ecf5e34d389",
            "raw-hash": "128e34ebf7e519459221dbbbbce3283e925b22b7",
            "raw-length": 163
        },
        {
            "mode": "f",
            "path": ".minecraft/versions/洛雨/config/extendedcrafting/singularities/lead.json",
            "old-hash": "",
            "new-hash": "a446b50aece8380a31a23d9eef396e2ba73f455a",
            "bzipped-hash": "5c7a6166c38effedc3e60452e50356f3d21a7896",
            "raw-hash": "a446b50aece8380a31a23d9eef396e2ba73f455a",
            "raw-length": 149
        },
        {
            "mode": "f",
            "path": ".minecraft/versions/洛雨/config/extendedcrafting/singularities/nickel.json",
            "old-hash": "",
            "new-hash": "670efa268428e2fbe5696d9e7c8bcd651490fc65",
            "bzipped-hash": "7408b800c6627096352a303e2053e2a5fb9e21c2",
            "raw-hash": "670efa268428e2fbe5696d9e7c8bcd651490fc65",
            "raw-length": 153
        },
        {
            "mode": "f",
            "path": ".minecraft/versions/洛雨/config/extendedcrafting/singularities/osmium.json",
            "old-hash": "",
            "new-hash": "25ddd0751d6f9f7adc3f24dca9a4450f6d0861d9",
            "bzipped-hash": "4e749c6889e99f2bd875a8c33c3c9fae200e1c1b",
            "raw-hash": "25ddd0751d6f9f7adc3f24dca9a4450f6d0861d9",
            "raw-length": 121
        },
        {
            "mode": "f",
            "path": ".minecraft/versions/洛雨/config/extendedcrafting/singularities/platinum.json",
            "old-hash": "",
            "new-hash": "d1b7226eee1dba4274cc6056ff745148c2aa6ed0",
            "bzipped-hash": "4c1b0ca6b26695cb57c42307a45eb54904215c33",
            "raw-hash": "d1b7226eee1dba4274cc6056ff745148c2aa6ed0",
            "raw-length": 157
        },
        {
            "mode": "f",
            "path": ".minecraft/versions/洛雨/config/extendedcrafting/singularities/redstone.json",
            "old-hash": "",
            "new-hash": "c0167144e1f7e280aaded18e641a4d3e4a5c7b1c",
            "bzipped-hash": "1b785662fb8e43f67048d895b253269d41895632",
            "raw-hash": "c0167144e1f7e280aaded18e641a4d3e4a5c7b1c",
            "raw-length": 155
        },
        {
            "mode": "f",
            "path": ".minecraft/versions/洛雨/config/extendedcrafting/singularities/silver.json",
            "old-hash": "",
            "new-hash": "690dfb9cee28722ee77d5a8a5307f917db0fbcc0",
            "bzipped-hash": "605a8b828988358108344f5aadf23251cb975196",
            "raw-hash": "690dfb9cee28722ee77d5a8a5307f917db0fbcc0",
            "raw-length": 153
        },
        {
            "mode": "f",
            "path": ".minecraft/versions/洛雨/config/extendedcrafting/singularities/steel.json",
            "old-hash": "",
            "new-hash": "f45472df6d61e4305dc6dacc1041cf7c73874b97",
            "bzipped-hash": "2aa6019818bf30d705f5c64e4468bd874e74aa2d",
            "raw-hash": "f45472df6d61e4305dc6dacc1041cf7c73874b97",
            "raw-length": 151
        },
        {
            "mode": "f",
            "path": ".minecraft/versions/洛雨/config/extendedcrafting/singularities/tin.json",
            "old-hash": "",
            "new-hash": "c25d62cd5b2d169a39420ee8a91a1174364ac7bd",
            "bzipped-hash": "7dc6a4cfd4a5d889d420740595ca85768e04eabf",
            "raw-hash": "c25d62cd5b2d169a39420ee8a91a1174364ac7bd",
            "raw-length": 147
        },
        {
            "mode": "f",
            "path": ".minecraft/versions/洛雨/config/extendedcrafting/singularities/uranium.json",
            "old-hash": "",
            "new-hash": "9acba5f17790af462b84128ed24273c61d34f8af",
            "bzipped-hash": "07f98cf4f6e3c34fd6025183fd7ef568d78c6634",
            "raw-hash": "9acba5f17790af462b84128ed24273c61d34f8af",
            "raw-length": 122
        },
        {
            "mode": "f",
            "path": ".minecraft/versions/洛雨/config/extendedcrafting/singularities/zinc.json",
            "old-hash": "",
            "new-hash": "26702d0087a2aa8a7330244cc9a80d2030542585",
            "bzipped-hash": "e1cf1324b96e279d1f5f9191ded8de58de89bd7f",
            "raw-hash": "26702d0087a2aa8a7330244cc9a80d2030542585",
            "raw-length": 119
        },
        {
            "mode": "f",
            "path": ".minecraft/versions/洛雨/kubejs/server_scripts/反质子核合成器.js",
            "old-hash": "",
            "new-hash": "eb523c609f9c590037d5bdc0404bfaab4d839d2e",
            "bzipped-hash": "80f9947492158187b0fe420e2210b97e8e263cfd",
            "raw-hash": "eb523c609f9c590037d5bdc0404bfaab4d839d2e",
            "raw-length": 840
        },
        {
            "mode": "f",
            "path": ".minecraft/versions/洛雨/kubejs/server_scripts/富集仓.js",
            "old-hash": "",
            "new-hash": "bfebba51396c5c2cc8251aed0f5c61f7ce3e0e38",
            "bzipped-hash": "95818c954e852ac2d9d54a864778c8a707ee7811",
            "raw-hash": "bfebba51396c5c2cc8251aed0f5c61f7ce3e0e38",
            "raw-length": 218
        },
        {
            "mode": "f",
            "path": ".minecraft/versions/洛雨/kubejs/server_scripts/循环装配.js",
            "old-hash": "",
            "new-hash": "07642e37bd021dc04b5ca5ed1cdd6fce884b972c",
            "bzipped-hash": "3b6b081234fca1832ed51dc373bb11c9856f8f66",
            "raw-hash": "07642e37bd021dc04b5ca5ed1cdd6fce884b972c",
            "raw-length": 33317
        },
        {
            "mode": "f",
            "path": ".minecraft/versions/洛雨/mods/modid-1.0.jar",
            "old-hash": "",
            "new-hash": "421010f34da79b9325c080db087789aeb4f79e28",
            "bzipped-hash": "e03dd4cbd242e7311293a24ff4f5d30b12df73b9",
            "raw-hash": "421010f34da79b9325c080db087789aeb4f79e28",
            "raw-length": 96804
        }
    ]
}