{
    "new-folders": [],
    "move-files": [],
    "change-logs": [""],
    "old-files": [],
    "old-folders": [],
    "new-files": [
        {
            "mode": "f",
            "path": ".minecraft/versions/洛雨/kubejs/server_scripts/ae2.js",
            "old-hash": "",
            "new-hash": "400256a4d6225a2e927b0e8aa93f93fe06348386",
            "bzipped-hash": "e5db0b3ae66429db9f5c02cc8c84d819b0dbe63f",
            "raw-hash": "400256a4d6225a2e927b0e8aa93f93fe06348386",
            "raw-length": 15860
        },
        {
            "mode": "f",
            "path": ".minecraft/versions/洛雨/kubejs/server_scripts/ars_nouveau.js",
            "old-hash": "",
            "new-hash": "d9064716e5bd4e94c6c2152b9d63ececc00ea12f",
            "bzipped-hash": "f746e1f9db5c68ea9772b5a657a1d83fcd4560ac",
            "raw-hash": "d9064716e5bd4e94c6c2152b9d63ececc00ea12f",
            "raw-length": 2110
        },
        {
            "mode": "f",
            "path": ".minecraft/versions/洛雨/kubejs/server_scripts/avaritia.js",
            "old-hash": "",
            "new-hash": "dfe35b05e6b041aaae2be9ea369105660b133a54",
            "bzipped-hash": "926b8aa7c5aabb849a7b9354d2af1990368db6ba",
            "raw-hash": "dfe35b05e6b041aaae2be9ea369105660b133a54",
            "raw-length": 1468
        },
        {
            "mode": "f",
            "path": ".minecraft/versions/洛雨/kubejs/server_scripts/bloodmagic.js",
            "old-hash": "",
            "new-hash": "037530086a14e21f58bf9269fcd8493010723762",
            "bzipped-hash": "9fa882a4ed77c1253213a0b957346cba6a087330",
            "raw-hash": "037530086a14e21f58bf9269fcd8493010723762",
            "raw-length": 1733
        },
        {
            "mode": "f",
            "path": ".minecraft/versions/洛雨/kubejs/server_scripts/botania.js",
            "old-hash": "",
            "new-hash": "9e34f78bd7af79ffef4881fabbc630ab588a389d",
            "bzipped-hash": "3742d41d37c80dcff58aa7ae6801a9be400b2834",
            "raw-hash": "9e34f78bd7af79ffef4881fabbc630ab588a389d",
            "raw-length": 3947
        },
        {
            "mode": "f",
            "path": ".minecraft/versions/洛雨/kubejs/server_scripts/create.js",
            "old-hash": "",
            "new-hash": "39bed8a4c3654d3e5da2b595ba999eeea0e9f3c4",
            "bzipped-hash": "37608b98eb90ffcb6ca9efa1613babbd08aa3d09",
            "raw-hash": "39bed8a4c3654d3e5da2b595ba999eeea0e9f3c4",
            "raw-length": 15358
        },
        {
            "mode": "f",
            "path": ".minecraft/versions/洛雨/kubejs/server_scripts/createsifter.js",
            "old-hash": "",
            "new-hash": "558a237f45b7414ea1182e0622c0822586346d09",
            "bzipped-hash": "a680bebe6d7c14f524034615bc24cf5a7c1dd8f7",
            "raw-hash": "558a237f45b7414ea1182e0622c0822586346d09",
            "raw-length": 15441
        },
        {
            "mode": "f",
            "path": ".minecraft/versions/洛雨/kubejs/server_scripts/delightful.js",
            "old-hash": "",
            "new-hash": "74fd85165c2f47cf859be5afbd55c04ed5d5cc79",
            "bzipped-hash": "35f16fbb9eb0ee29d939469a6ddfc761348b7a50",
            "raw-hash": "74fd85165c2f47cf859be5afbd55c04ed5d5cc79",
            "raw-length": 1243
        },
        {
            "mode": "f",
            "path": ".minecraft/versions/洛雨/kubejs/server_scripts/ewcraft.js",
            "old-hash": "",
            "new-hash": "486d9caaa72a364bea21cf311f6d71565d697e45",
            "bzipped-hash": "3bcd68cbd7bcf29e107137b0c1d681dd9ca62240",
            "raw-hash": "486d9caaa72a364bea21cf311f6d71565d697e45",
            "raw-length": 1590
        },
        {
            "mode": "f",
            "path": ".minecraft/versions/洛雨/kubejs/server_scripts/exnihilosequentia.js",
            "old-hash": "",
            "new-hash": "94f4cec2a8ca6d625e5e29f8e16fbc96de931ea1",
            "bzipped-hash": "b97d420335c36c8666ac70aa895a0628920eba18",
            "raw-hash": "94f4cec2a8ca6d625e5e29f8e16fbc96de931ea1",
            "raw-length": 5330
        },
        {
            "mode": "f",
            "path": ".minecraft/versions/洛雨/kubejs/server_scripts/extendedcrafting.js",
            "old-hash": "",
            "new-hash": "06ea851a54ebd9192b793c5b70fd901eb44bd6df",
            "bzipped-hash": "05923298d887755b8aaf90c0b1ef6c70fc08a3d3",
            "raw-hash": "06ea851a54ebd9192b793c5b70fd901eb44bd6df",
            "raw-length": 4814
        },
        {
            "mode": "f",
            "path": ".minecraft/versions/洛雨/kubejs/server_scripts/immersiveengineering.js",
            "old-hash": "",
            "new-hash": "44d864cff9ee17a46c6fca86d325316d2710c5c7",
            "bzipped-hash": "6dba194e3b2d8c7e54af632287f62d8b65e2fed1",
            "raw-hash": "44d864cff9ee17a46c6fca86d325316d2710c5c7",
            "raw-length": 9094
        },
        {
            "mode": "f",
            "path": ".minecraft/versions/洛雨/kubejs/server_scripts/industrialforegoing.js",
            "old-hash": "",
            "new-hash": "8572891ee5ab726437bd86102a53a41cd622ac9c",
            "bzipped-hash": "cf0b4276ca8bc38d8cf50b0a7924b71e3e7b8a1b",
            "raw-hash": "8572891ee5ab726437bd86102a53a41cd622ac9c",
            "raw-length": 2647
        },
        {
            "mode": "f",
            "path": ".minecraft/versions/洛雨/kubejs/server_scripts/mekanism.js",
            "old-hash": "",
            "new-hash": "eeb41c8b0de43ba93cb362475e75377ac90d6cff",
            "bzipped-hash": "b13d0344cf5f6bd67fa770e5c775f9c8eb92d374",
            "raw-hash": "eeb41c8b0de43ba93cb362475e75377ac90d6cff",
            "raw-length": 10625
        },
        {
            "mode": "f",
            "path": ".minecraft/versions/洛雨/kubejs/server_scripts/minecraft.js",
            "old-hash": "",
            "new-hash": "115e1a758931637850b400bb14003b56760b7b3d",
            "bzipped-hash": "96676de3379c8d8c172ea349ae3b17782616273e",
            "raw-hash": "115e1a758931637850b400bb14003b56760b7b3d",
            "raw-length": 2019
        },
        {
            "mode": "f",
            "path": ".minecraft/versions/洛雨/kubejs/server_scripts/nuclearcraft.js",
            "old-hash": "",
            "new-hash": "da55e5cd3f4f2ebfa660a857fa1b71a9bfdffd76",
            "bzipped-hash": "0ae89a63ca94166a860eff4ca86d6cb0deae1625",
            "raw-hash": "da55e5cd3f4f2ebfa660a857fa1b71a9bfdffd76",
            "raw-length": 2042
        },
        {
            "mode": "f",
            "path": ".minecraft/versions/洛雨/kubejs/server_scripts/pneumaticcraft.js",
            "old-hash": "",
            "new-hash": "7bcabf0239e7685ab2ab90733058a56b24594f4f",
            "bzipped-hash": "cba2a319869dc7364ab85726995997647a1b5cb5",
            "raw-hash": "7bcabf0239e7685ab2ab90733058a56b24594f4f",
            "raw-length": 8057
        },
        {
            "mode": "f",
            "path": ".minecraft/versions/洛雨/kubejs/server_scripts/solarpanels.js",
            "old-hash": "",
            "new-hash": "9b5e874efcbac2f1cdb3c3affa00f6998528d167",
            "bzipped-hash": "6108c2e42a38c389de12eb78f05ab5e6656e52d0",
            "raw-hash": "9b5e874efcbac2f1cdb3c3affa00f6998528d167",
            "raw-length": 9367
        },
        {
            "mode": "f",
            "path": ".minecraft/versions/洛雨/kubejs/server_scripts/tconstruct.js",
            "old-hash": "",
            "new-hash": "85f74f6f392373b0c01d84bb7b39c0bea451aa7c",
            "bzipped-hash": "b05a7f8283e6ca8d92b2cdebc0df90018145f121",
            "raw-hash": "85f74f6f392373b0c01d84bb7b39c0bea451aa7c",
            "raw-length": 1573
        }
    ]
}