{
    "new-folders": [],
    "move-files": [],
    "change-logs": [""],
    "old-files": [],
    "old-folders": [],
    "new-files": [
        {
            "mode": "f",
            "path": ".minecraft/versions/洛雨/kubejs/server_scripts/删除.js",
            "old-hash": "",
            "new-hash": "1addf72835217ac381e21b77b1e7fd432ab803a1",
            "bzipped-hash": "fcbbddb545883b89596a3bb0887f44ad68ae8959",
            "raw-hash": "1addf72835217ac381e21b77b1e7fd432ab803a1",
            "raw-length": 6179
        },
        {
            "mode": "f",
            "path": ".minecraft/versions/洛雨/mods/AdvJS-1802forge-1.9.0.jar",
            "old-hash": "",
            "new-hash": "f427d5c40354754e3bacd05fb47ac50c67f83404",
            "bzipped-hash": "45f2b0978bf1d91fd5d12dff52ac1490c361c8b5",
            "raw-hash": "f427d5c40354754e3bacd05fb47ac50c67f83404",
            "raw-length": 132874
        },
        {
            "mode": "f",
            "path": ".minecraft/versions/洛雨/mods/morejs-forge-1.18.2-0.0.6.jar",
            "old-hash": "",
            "new-hash": "1b6eed355b86f13da2d076ba2f50c333cca36b99",
            "bzipped-hash": "435c70d1b36f4164b20982830d37d2c2ec251612",
            "raw-hash": "1b6eed355b86f13da2d076ba2f50c333cca36b99",
            "raw-length": 136108
        },
        {
            "mode": "f",
            "path": ".minecraft/versions/洛雨/mods/prma-1.18.2-0.2.5-alpha-hotfix1-700255-all.jar",
            "old-hash": "",
            "new-hash": "5a8179a02682150f28da1ed325d4adae9b160ffb",
            "bzipped-hash": "ba6db533c333189a0204f432068666f03a796c26",
            "raw-hash": "5a8179a02682150f28da1ed325d4adae9b160ffb",
            "raw-length": 1682876
        },
        {
            "mode": "f",
            "path": ".minecraft/versions/洛雨/mods/probejs-4.0.0-fix4-forge.jar",
            "old-hash": "",
            "new-hash": "73d6a511b9cc041b16b87f14651c83ebac54e839",
            "bzipped-hash": "9527539314c190de712932cc8cbede4695664635",
            "raw-hash": "73d6a511b9cc041b16b87f14651c83ebac54e839",
            "raw-length": 732852
        }
    ]
}