{
    "new-folders": [],
    "move-files": [],
    "change-logs": [""],
    "old-files": [".minecraft/versions/洛雨/mods/modid-1.0 (1).jar"],
    "old-folders": [],
    "new-files": [
        {
            "mode": "f",
            "path": ".minecraft/versions/洛雨/config/extendedcrafting/singularities/amethyst.json",
            "old-hash": "",
            "new-hash": "261ae7f8f4ff556fcee60636e35744f4cf4997c2",
            "bzipped-hash": "aae7246e503aa2f26fdab9b5103c59f6d70fccc3",
            "raw-hash": "261ae7f8f4ff556fcee60636e35744f4cf4997c2",
            "raw-length": 127
        },
        {
            "mode": "f",
            "path": ".minecraft/versions/洛雨/config/extendedcrafting/singularities/apatite.json",
            "old-hash": "",
            "new-hash": "44c0c2aec479f752863f7b0f21502da99a35d4cc",
            "bzipped-hash": "feab1b897cbbbab61a857e6b176568a3fe7cc824",
            "raw-hash": "44c0c2aec479f752863f7b0f21502da99a35d4cc",
            "raw-length": 120
        },
        {
            "mode": "f",
            "path": ".minecraft/versions/洛雨/config/extendedcrafting/singularities/certus_quartz.json",
            "old-hash": "",
            "new-hash": "0ba49a787378e26d8c3f015274851884f7f375fd",
            "bzipped-hash": "c8016e51941037b7d690abc552e23736568b4522",
            "raw-hash": "0ba49a787378e26d8c3f015274851884f7f375fd",
            "raw-length": 138
        },
        {
            "mode": "f",
            "path": ".minecraft/versions/洛雨/config/extendedcrafting/singularities/cinnabar.json",
            "old-hash": "",
            "new-hash": "28151169037b0814e4587ffc6743f5c59394d873",
            "bzipped-hash": "6435dbd304d7aff97c6c447d87d3c5b53e6ed2a1",
            "raw-hash": "28151169037b0814e4587ffc6743f5c59394d873",
            "raw-length": 124
        },
        {
            "mode": "f",
            "path": ".minecraft/versions/洛雨/config/extendedcrafting/singularities/earth_slime_crystal.json",
            "old-hash": "",
            "new-hash": "541abe27b778e4b937ddf7646daa25d3e5287f6a",
            "bzipped-hash": "f8d0d21fd39ff12b339be3d4157f116c17f92d16",
            "raw-hash": "541abe27b778e4b937ddf7646daa25d3e5287f6a",
            "raw-length": 148
        },
        {
            "mode": "f",
            "path": ".minecraft/versions/洛雨/config/extendedcrafting/singularities/ender_slime_crystal.json",
            "old-hash": "",
            "new-hash": "1fd53ef2ecebfe30c500ff4eace02be2fe69e450",
            "bzipped-hash": "dcdfe7a9b32872d2562340eeb85391a4d6327638",
            "raw-hash": "1fd53ef2ecebfe30c500ff4eace02be2fe69e450",
            "raw-length": 148
        },
        {
            "mode": "f",
            "path": ".minecraft/versions/洛雨/config/extendedcrafting/singularities/ichor_slime_crystal.json",
            "old-hash": "",
            "new-hash": "96c0f11809ec3fd54da16a499e4d11850443de3e",
            "bzipped-hash": "7f7f5cbddec916015b41c3c2c2041714d65bacd9",
            "raw-hash": "96c0f11809ec3fd54da16a499e4d11850443de3e",
            "raw-length": 142
        },
        {
            "mode": "f",
            "path": ".minecraft/versions/洛雨/config/extendedcrafting/singularities/niter.json",
            "old-hash": "",
            "new-hash": "9302a0af8fadd16887a91e3f501261797a2f1f4b",
            "bzipped-hash": "3e2d8250e0c8591b5c9f53ae5bd91bfda3bdab5a",
            "raw-hash": "9302a0af8fadd16887a91e3f501261797a2f1f4b",
            "raw-length": 121
        },
        {
            "mode": "f",
            "path": ".minecraft/versions/洛雨/config/extendedcrafting/singularities/quartz.json",
            "old-hash": "",
            "new-hash": "1cc75779d2d8c7b809f57f1eca871a3936625b7f",
            "bzipped-hash": "9056f288d382cdb1ce47bf2c5f169e6f42c38562",
            "raw-hash": "1cc75779d2d8c7b809f57f1eca871a3936625b7f",
            "raw-length": 122
        },
        {
            "mode": "f",
            "path": ".minecraft/versions/洛雨/config/extendedcrafting/singularities/sky_slime_crystal.json",
            "old-hash": "",
            "new-hash": "4b996ba45805c5cbf713fd56afce9d1480d35331",
            "bzipped-hash": "73808274f8ed0988d6e00f725438a6146a825454",
            "raw-hash": "4b996ba45805c5cbf713fd56afce9d1480d35331",
            "raw-length": 146
        },
        {
            "mode": "f",
            "path": ".minecraft/versions/洛雨/config/extendedcrafting/singularities/sulfur.json",
            "old-hash": "",
            "new-hash": "60c1dd7e70a882d154717d4b48cd98c12047118e",
            "bzipped-hash": "32a797dae26d33d746075529b030f2086bb0353b",
            "raw-hash": "60c1dd7e70a882d154717d4b48cd98c12047118e",
            "raw-length": 122
        },
        {
            "mode": "f",
            "path": ".minecraft/versions/洛雨/kubejs/server_scripts/反质子核合成器.js",
            "old-hash": "",
            "new-hash": "fb5645d6b82de70302e75fd3744bfc7eb278e6f1",
            "bzipped-hash": "cce9b39b98e53b295ac3397f9c57d2eefd5d56fd",
            "raw-hash": "fb5645d6b82de70302e75fd3744bfc7eb278e6f1",
            "raw-length": 1365
        },
        {
            "mode": "f",
            "path": ".minecraft/versions/洛雨/kubejs/server_scripts/无序.js",
            "old-hash": "",
            "new-hash": "b00875c9489c740e9327e9093239b9091b9109a5",
            "bzipped-hash": "76ace348cfc51d2fa24246fb36645733996612d0",
            "raw-hash": "b00875c9489c740e9327e9093239b9091b9109a5",
            "raw-length": 5366
        },
        {
            "mode": "f",
            "path": ".minecraft/versions/洛雨/kubejs/server_scripts/粉碎轮.js",
            "old-hash": "",
            "new-hash": "121bd220fc7bb20853f47d1c4d82a70155010e48",
            "bzipped-hash": "216b5843ddcce6c7644bcc7cd4b71e492faf690c",
            "raw-hash": "121bd220fc7bb20853f47d1c4d82a70155010e48",
            "raw-length": 15169
        },
        {
            "mode": "f",
            "path": ".minecraft/versions/洛雨/mods/modid-1.0.jar",
            "old-hash": "",
            "new-hash": "864e02d12cc9e881474cbbab92083e895619f58e",
            "bzipped-hash": "a68cdcbbc112fb5b5264f5e53a20bf81bdf04a58",
            "raw-hash": "864e02d12cc9e881474cbbab92083e895619f58e",
            "raw-length": 108530
        }
    ]
}