{
    "new-folders": [],
    "move-files": [],
    "change-logs": [""],
    "old-files": [],
    "old-folders": [],
    "new-files": [
        {
            "mode": "f",
            "path": ".minecraft/versions/洛雨/kubejs/server_scripts/有序.js",
            "old-hash": "",
            "new-hash": "fbdc67cacac0f16f74d61c07cc02002f3228d92f",
            "bzipped-hash": "85dad3c3ba1b07a8ee49d2a5deb13779008b823a",
            "raw-hash": "fbdc67cacac0f16f74d61c07cc02002f3228d92f",
            "raw-length": 17227
        },
        {
            "mode": "f",
            "path": ".minecraft/versions/洛雨/kubejs/server_scripts/机械动力筛网.js",
            "old-hash": "",
            "new-hash": "e7101231abb63898b54962954974795851e5001e",
            "bzipped-hash": "368676dd5e14e74c05dc34126f844d4bb7c938d4",
            "raw-hash": "e7101231abb63898b54962954974795851e5001e",
            "raw-length": 18538
        },
        {
            "mode": "f",
            "path": ".minecraft/versions/洛雨/kubejs/server_scripts/沉浸粉碎机.js",
            "old-hash": "",
            "new-hash": "b9e8afbf30b18689018802314876d1839fd2ab12",
            "bzipped-hash": "e1c3d234570293974d9a67fd5fade81137b65419",
            "raw-hash": "b9e8afbf30b18689018802314876d1839fd2ab12",
            "raw-length": 4893
        },
        {
            "mode": "f",
            "path": ".minecraft/versions/洛雨/kubejs/server_scripts/粉碎轮.js",
            "old-hash": "",
            "new-hash": "5b1dab39019839c994437cdd4f7f33dbc9bdbdcf",
            "bzipped-hash": "4241be61aceb77be79372298b69984bef905d8eb",
            "raw-hash": "5b1dab39019839c994437cdd4f7f33dbc9bdbdcf",
            "raw-length": 12308
        },
        {
            "mode": "f",
            "path": ".minecraft/versions/洛雨/mods/modid-1.0.jar",
            "old-hash": "",
            "new-hash": "6d54c3cb8b9d58274a564164892bd509f6e08452",
            "bzipped-hash": "505f9f839df4074bf2686209c28e73b53802c37c",
            "raw-hash": "6d54c3cb8b9d58274a564164892bd509f6e08452",
            "raw-length": 115535
        }
    ]
}