{
    "new-folders": [],
    "move-files": [],
    "change-logs": [""],
    "old-files": [
        ".minecraft/versions/洛雨/kubejs/server_scripts/ae2.js",
        ".minecraft/versions/洛雨/kubejs/server_scripts/ars_nouveau.js",
        ".minecraft/versions/洛雨/kubejs/server_scripts/avaritia.js",
        ".minecraft/versions/洛雨/kubejs/server_scripts/bloodmagic.js",
        ".minecraft/versions/洛雨/kubejs/server_scripts/botania.js",
        ".minecraft/versions/洛雨/kubejs/server_scripts/create.js",
        ".minecraft/versions/洛雨/kubejs/server_scripts/createsifter.js",
        ".minecraft/versions/洛雨/kubejs/server_scripts/delightful.js",
        ".minecraft/versions/洛雨/kubejs/server_scripts/ewcraft.js",
        ".minecraft/versions/洛雨/kubejs/server_scripts/exnihilosequentia.js",
        ".minecraft/versions/洛雨/kubejs/server_scripts/extendedcrafting.js",
        ".minecraft/versions/洛雨/kubejs/server_scripts/immersiveengineering.js",
        ".minecraft/versions/洛雨/kubejs/server_scripts/industrialforegoing.js",
        ".minecraft/versions/洛雨/kubejs/server_scripts/mekanism.js",
        ".minecraft/versions/洛雨/kubejs/server_scripts/minecraft.js",
        ".minecraft/versions/洛雨/kubejs/server_scripts/nuclearcraft.js",
        ".minecraft/versions/洛雨/kubejs/server_scripts/pneumaticcraft.js",
        ".minecraft/versions/洛雨/kubejs/server_scripts/solarpanels.js",
        ".minecraft/versions/洛雨/kubejs/server_scripts/tconstruct.js"
    ],
    "old-folders": [],
    "new-files": [
        {
            "mode": "f",
            "path": ".minecraft/versions/洛雨/kubejs/server_scripts/0A样板.js",
            "old-hash": "",
            "new-hash": "fc36f843229d96cc6820c11ed2059cd8c6c117b3",
            "bzipped-hash": "b7bb301f3f61307c762cd8158ef4789f025e7096",
            "raw-hash": "fc36f843229d96cc6820c11ed2059cd8c6c117b3",
            "raw-length": 40
        },
        {
            "mode": "f",
            "path": ".minecraft/versions/洛雨/kubejs/server_scripts/9x9.js",
            "old-hash": "",
            "new-hash": "a6d8241e5bc687fbc8b205e19ee5e7fd9e6f00f1",
            "bzipped-hash": "ff5d0941cab50117bb6355239c75d0917e2e2f33",
            "raw-hash": "a6d8241e5bc687fbc8b205e19ee5e7fd9e6f00f1",
            "raw-length": 8560
        },
        {
            "mode": "f",
            "path": ".minecraft/versions/洛雨/kubejs/server_scripts/删除.js",
            "old-hash": "",
            "new-hash": "ec27da0b702b1ee67d0e85943f2ec5dba1bc690e",
            "bzipped-hash": "9e45096923c1e4a5aeccfda187b9c95c84faaa56",
            "raw-hash": "ec27da0b702b1ee67d0e85943f2ec5dba1bc690e",
            "raw-length": 6038
        },
        {
            "mode": "f",
            "path": ".minecraft/versions/洛雨/kubejs/server_scripts/加压反应室.js",
            "old-hash": "",
            "new-hash": "c23a948055c64880b1cb3f64cf9c548525ac410f",
            "bzipped-hash": "15139032c78e54e23232f35e0a4a63a6e412aebd",
            "raw-hash": "c23a948055c64880b1cb3f64cf9c548525ac410f",
            "raw-length": 823
        },
        {
            "mode": "f",
            "path": ".minecraft/versions/洛雨/kubejs/server_scripts/动力合成器.js",
            "old-hash": "",
            "new-hash": "23bb7f99fa5edaeef46b69cf310331df8daec8cb",
            "bzipped-hash": "f8d3e7a55e1b3a21573c49913cf4a09a40d8d0ac",
            "raw-hash": "23bb7f99fa5edaeef46b69cf310331df8daec8cb",
            "raw-length": 576
        },
        {
            "mode": "f",
            "path": ".minecraft/versions/洛雨/kubejs/server_scripts/压力室.js",
            "old-hash": "",
            "new-hash": "1d57a53651c824400a61c939e1cb1c41f45f2c9c",
            "bzipped-hash": "610136e0f6716c67485e7b194c24d7065504495f",
            "raw-hash": "1d57a53651c824400a61c939e1cb1c41f45f2c9c",
            "raw-length": 1162
        },
        {
            "mode": "f",
            "path": ".minecraft/versions/洛雨/kubejs/server_scripts/反质子核合成器.js",
            "old-hash": "",
            "new-hash": "0d91f6793924c3d8e27aa1d15246c3eac29457c4",
            "bzipped-hash": "37dfe43bc40b2296a52807d9d62eabc8bcf173fa",
            "raw-hash": "0d91f6793924c3d8e27aa1d15246c3eac29457c4",
            "raw-length": 320
        },
        {
            "mode": "f",
            "path": ".minecraft/versions/洛雨/kubejs/server_scripts/合金窑.js",
            "old-hash": "",
            "new-hash": "73e7bc70eee8f2c3fe41fc0be09ba24590c5f518",
            "bzipped-hash": "7ad78c669321a60f3ad2709fe6411c53cce8a033",
            "raw-hash": "73e7bc70eee8f2c3fe41fc0be09ba24590c5f518",
            "raw-length": 395
        },
        {
            "mode": "f",
            "path": ".minecraft/versions/洛雨/kubejs/server_scripts/奇点压缩机.js",
            "old-hash": "",
            "new-hash": "7b96e7a88e57e8dce51fdd02797e7378f7425647",
            "bzipped-hash": "ff456e950ca3869e9591f6ffc759ae9912e39128",
            "raw-hash": "7b96e7a88e57e8dce51fdd02797e7378f7425647",
            "raw-length": 391
        },
        {
            "mode": "f",
            "path": ".minecraft/versions/洛雨/kubejs/server_scripts/循环装配.js",
            "old-hash": "",
            "new-hash": "6ed4a09e5892f2ab8c6d070263536e6ad405f87f",
            "bzipped-hash": "674054286a72abea0fb0a69656cad7bbb154221d",
            "raw-hash": "6ed4a09e5892f2ab8c6d070263536e6ad405f87f",
            "raw-length": 34055
        },
        {
            "mode": "f",
            "path": ".minecraft/versions/洛雨/kubejs/server_scripts/无序.js",
            "old-hash": "",
            "new-hash": "ce7cdbb5293034a2f401a71cfa24261d56804c74",
            "bzipped-hash": "0e1a6b1ab44db649058e43cd358296cc39fda6a2",
            "raw-hash": "ce7cdbb5293034a2f401a71cfa24261d56804c74",
            "raw-length": 1190
        },
        {
            "mode": "f",
            "path": ".minecraft/versions/洛雨/kubejs/server_scripts/有序.js",
            "old-hash": "",
            "new-hash": "f9af032b2bd42de7a9912c4557abffbd05fa1e11",
            "bzipped-hash": "1c426ec1314bc71518ee430feb4edc484e60271d",
            "raw-hash": "f9af032b2bd42de7a9912c4557abffbd05fa1e11",
            "raw-length": 16735
        },
        {
            "mode": "f",
            "path": ".minecraft/versions/洛雨/kubejs/server_scripts/机械动力筛网.js",
            "old-hash": "",
            "new-hash": "ce1ee7e517eacb6cfeb98e0308e4d104bd0b4329",
            "bzipped-hash": "ed1ed6fa21add8f94c01c8630ccff524cdcc985d",
            "raw-hash": "ce1ee7e517eacb6cfeb98e0308e4d104bd0b4329",
            "raw-length": 13231
        },
        {
            "mode": "f",
            "path": ".minecraft/versions/洛雨/kubejs/server_scripts/热气动加工机.js",
            "old-hash": "",
            "new-hash": "bf17053d47b761d67bbb597222bae4e26d9e618d",
            "bzipped-hash": "2de5c1cd036c45fe0a41305351055ebbe4334a72",
            "raw-hash": "bf17053d47b761d67bbb597222bae4e26d9e618d",
            "raw-length": 389
        },
        {
            "mode": "f",
            "path": ".minecraft/versions/洛雨/kubejs/server_scripts/熔炼.js",
            "old-hash": "",
            "new-hash": "57fea6434764803beb296323f291fb12de8b4dc6",
            "bzipped-hash": "2a4d2191be04b757a9119272b7d266dfa50b2b3b",
            "raw-hash": "57fea6434764803beb296323f291fb12de8b4dc6",
            "raw-length": 179
        },
        {
            "mode": "f",
            "path": ".minecraft/versions/洛雨/kubejs/server_scripts/电弧炉.js",
            "old-hash": "",
            "new-hash": "710b408fcc16d0b3d049a4bf98e4049432c42c11",
            "bzipped-hash": "5908d7691212a2341a609415e923fda5abc98633",
            "raw-hash": "710b408fcc16d0b3d049a4bf98e4049432c42c11",
            "raw-length": 718
        },
        {
            "mode": "f",
            "path": ".minecraft/versions/洛雨/kubejs/server_scripts/粉碎轮.js",
            "old-hash": "",
            "new-hash": "f57acc301c8497e19f4feab7a52480db099a1bf5",
            "bzipped-hash": "64a6f2f9a1fb8a4e201392b614dc6e13b3aec007",
            "raw-hash": "f57acc301c8497e19f4feab7a52480db099a1bf5",
            "raw-length": 11690
        },
        {
            "mode": "f",
            "path": ".minecraft/versions/洛雨/kubejs/server_scripts/精炼厂.js",
            "old-hash": "",
            "new-hash": "837a4c01d63c453dda4ca9d3c337523255fbc30b",
            "bzipped-hash": "47d0ab5237caf8873364e0d22d040a004938d0f4",
            "raw-hash": "837a4c01d63c453dda4ca9d3c337523255fbc30b",
            "raw-length": 480
        },
        {
            "mode": "f",
            "path": ".minecraft/versions/洛雨/kubejs/server_scripts/融合机.js",
            "old-hash": "",
            "new-hash": "3e8ba8cd30e5d204913c2838f6b6ac44a8876b11",
            "bzipped-hash": "6020f9200e6c0ce3e9f798bb3283ed1f2c6cee7e",
            "raw-hash": "3e8ba8cd30e5d204913c2838f6b6ac44a8876b11",
            "raw-length": 1379
        },
        {
            "mode": "f",
            "path": ".minecraft/versions/洛雨/kubejs/server_scripts/血之祭坛.js",
            "old-hash": "",
            "new-hash": "ca41980d3bed8061796ba35b5994f446b8ea2c9a",
            "bzipped-hash": "a943421c4849a59484235342477a073bd429c016",
            "raw-hash": "ca41980d3bed8061796ba35b5994f446b8ea2c9a",
            "raw-length": 310
        },
        {
            "mode": "f",
            "path": ".minecraft/versions/洛雨/kubejs/server_scripts/锯木机.js",
            "old-hash": "",
            "new-hash": "747f5cd7322aff7075c5f818b922fa5b88f21a2c",
            "bzipped-hash": "dab1b290c49cfcd0af1295215c17e3c37668c1c2",
            "raw-hash": "747f5cd7322aff7075c5f818b922fa5b88f21a2c",
            "raw-length": 213
        },
        {
            "mode": "f",
            "path": ".minecraft/versions/洛雨/kubejs/server_scripts/锻造台.js",
            "old-hash": "",
            "new-hash": "918bfbb3373927815a4b83d2ac0f6b3ac7674f18",
            "bzipped-hash": "16627d4ad733d84af166fcf49dd8c66ceedc36fb",
            "raw-hash": "918bfbb3373927815a4b83d2ac0f6b3ac7674f18",
            "raw-length": 581
        },
        {
            "mode": "f",
            "path": ".minecraft/versions/洛雨/kubejs/server_scripts/魔力池.js",
            "old-hash": "",
            "new-hash": "1102c9e0698705c9cb2a2436d60ce72fc1b4e149",
            "bzipped-hash": "fd52ef3358450625a485f7fd36837726a135660b",
            "raw-hash": "1102c9e0698705c9cb2a2436d60ce72fc1b4e149",
            "raw-length": 457
        },
        {
            "mode": "f",
            "path": ".minecraft/versions/洛雨/mods/modid-1.0.jar",
            "old-hash": "",
            "new-hash": "cfe4303bc6ca154304988593a838d8d15b96734b",
            "bzipped-hash": "e6be2ac3ce9182d1fc59b1902d09a11452fd3abf",
            "raw-hash": "cfe4303bc6ca154304988593a838d8d15b96734b",
            "raw-length": 86365
        }
    ]
}