{
    "new-folders": [],
    "move-files": [],
    "change-logs": [""],
    "old-files": [],
    "old-folders": [],
    "new-files": [
        {
            "mode": "f",
            "path": ".minecraft/versions/洛雨/config/extendedcrafting/singularities/beryllium.json",
            "old-hash": "",
            "new-hash": "4bdbb74d51b3d0b96dc28c1df81ac1d1a98a8f85",
            "bzipped-hash": "7a53cca8b3dbdf01dabcbe2a41e2bb1b7e22b47e",
            "raw-hash": "4bdbb74d51b3d0b96dc28c1df81ac1d1a98a8f85",
            "raw-length": 124
        },
        {
            "mode": "f",
            "path": ".minecraft/versions/洛雨/config/extendedcrafting/singularities/boron.json",
            "old-hash": "",
            "new-hash": "8ea031268c45f4fd602bef6ec33d851a844c97d4",
            "bzipped-hash": "ec9367ee9e8818396fb01532c8177322f188d1a1",
            "raw-hash": "8ea031268c45f4fd602bef6ec33d851a844c97d4",
            "raw-length": 123
        },
        {
            "mode": "f",
            "path": ".minecraft/versions/洛雨/config/extendedcrafting/singularities/chroumium.json",
            "old-hash": "",
            "new-hash": "b98786089fdc40673ec5cc0f1874fd9615f2a4e6",
            "bzipped-hash": "2ad2b67ac3b09cf03d7f077d103c0ccf010c9354",
            "raw-hash": "b98786089fdc40673ec5cc0f1874fd9615f2a4e6",
            "raw-length": 120
        },
        {
            "mode": "f",
            "path": ".minecraft/versions/洛雨/config/extendedcrafting/singularities/cobalt.json",
            "old-hash": "",
            "new-hash": "03b20810f73a593b12b73f97338823df040927e8",
            "bzipped-hash": "f321e614895aaf531295ab60fe57d3614c339ac4",
            "raw-hash": "03b20810f73a593b12b73f97338823df040927e8",
            "raw-length": 121
        },
        {
            "mode": "f",
            "path": ".minecraft/versions/洛雨/config/extendedcrafting/singularities/lithium.json",
            "old-hash": "",
            "new-hash": "1e6b05ac8d6c240724b345d79ffac5aad3d28b15",
            "bzipped-hash": "6d4d08f263d454df524c54b26e56e6d9c13b1f1f",
            "raw-hash": "1e6b05ac8d6c240724b345d79ffac5aad3d28b15",
            "raw-length": 122
        },
        {
            "mode": "f",
            "path": ".minecraft/versions/洛雨/config/extendedcrafting/singularities/manganese.json",
            "old-hash": "",
            "new-hash": "c23229ab68e68d1ff6db07cdb65da89bd78e73bb",
            "bzipped-hash": "a04d28168c78c4941a08ea34e1d6f2c4cd179a77",
            "raw-hash": "c23229ab68e68d1ff6db07cdb65da89bd78e73bb",
            "raw-length": 124
        },
        {
            "mode": "f",
            "path": ".minecraft/versions/洛雨/config/extendedcrafting/singularities/mangesium.json",
            "old-hash": "",
            "new-hash": "33b309346987cf7fc7776fc5de32766fc8fa6fec",
            "bzipped-hash": "38a8a91cc9111ff0a8241496a9413422a9315921",
            "raw-hash": "33b309346987cf7fc7776fc5de32766fc8fa6fec",
            "raw-length": 124
        },
        {
            "mode": "f",
            "path": ".minecraft/versions/洛雨/config/extendedcrafting/singularities/molybdenum.json",
            "old-hash": "",
            "new-hash": "5a3aaa42046f8be72453fe9cb1153327f41c1d4d",
            "bzipped-hash": "3bd0dbb049c334bd3fbec4004f48a9c282855272",
            "raw-hash": "5a3aaa42046f8be72453fe9cb1153327f41c1d4d",
            "raw-length": 125
        },
        {
            "mode": "f",
            "path": ".minecraft/versions/洛雨/config/extendedcrafting/singularities/thorium.json",
            "old-hash": "",
            "new-hash": "21459a2fcc9b2a0d17b67f5f2e82cfe47e0416f0",
            "bzipped-hash": "bf5f6ce0865540d2eed65ece5fae3b1ffe0ca3e4",
            "raw-hash": "21459a2fcc9b2a0d17b67f5f2e82cfe47e0416f0",
            "raw-length": 122
        },
        {
            "mode": "f",
            "path": ".minecraft/versions/洛雨/config/extendedcrafting/singularities/titanium.json",
            "old-hash": "",
            "new-hash": "6efa67843f993d52ea9adad83e8c64c6b3aeb226",
            "bzipped-hash": "47b075b47577e553e791344cb121fce4efe08d44",
            "raw-hash": "6efa67843f993d52ea9adad83e8c64c6b3aeb226",
            "raw-length": 123
        },
        {
            "mode": "f",
            "path": ".minecraft/versions/洛雨/config/extendedcrafting/singularities/tungsten.json",
            "old-hash": "",
            "new-hash": "a49ca07535ddc03fe969d7fad6227471536eb493",
            "bzipped-hash": "f3f11db76f47b6041923bae5dcb821e348c77f32",
            "raw-hash": "a49ca07535ddc03fe969d7fad6227471536eb493",
            "raw-length": 123
        },
        {
            "mode": "f",
            "path": ".minecraft/versions/洛雨/config/extendedcrafting/singularities/vanadium.json",
            "old-hash": "",
            "new-hash": "f0c3da5c4b7895b91a3ffd366488b9e73041b526",
            "bzipped-hash": "7e45a4b2a1888276caf006915e2eb7c748e79e6b",
            "raw-hash": "f0c3da5c4b7895b91a3ffd366488b9e73041b526",
            "raw-length": 123
        },
        {
            "mode": "f",
            "path": ".minecraft/versions/洛雨/kubejs/server_scripts/删除.js",
            "old-hash": "",
            "new-hash": "09602c4dc7e23fa89da4f0c558b3c0f2a744dda9",
            "bzipped-hash": "8dd55a85b717126ebeb29ef0351922f2b21704ba",
            "raw-hash": "09602c4dc7e23fa89da4f0c558b3c0f2a744dda9",
            "raw-length": 6173
        },
        {
            "mode": "f",
            "path": ".minecraft/versions/洛雨/kubejs/server_scripts/反质子核合成器.js",
            "old-hash": "",
            "new-hash": "eb721ffcd5900da0a93fed12eac27916d9bf1d0b",
            "bzipped-hash": "78c2bd6b186d301a9e48d221327d36f8cedce8d7",
            "raw-hash": "eb721ffcd5900da0a93fed12eac27916d9bf1d0b",
            "raw-length": 1092
        },
        {
            "mode": "f",
            "path": ".minecraft/versions/洛雨/kubejs/server_scripts/无序.js",
            "old-hash": "",
            "new-hash": "cbae7ee08e600da3dc67254a616e1495360cedaa",
            "bzipped-hash": "2db500019f230fc347b14337415272553495c098",
            "raw-hash": "cbae7ee08e600da3dc67254a616e1495360cedaa",
            "raw-length": 3626
        },
        {
            "mode": "f",
            "path": ".minecraft/versions/洛雨/kubejs/server_scripts/热气动加工机.js",
            "old-hash": "",
            "new-hash": "2ad00ee5754ff9faacf74eb22c741b40759563c5",
            "bzipped-hash": "9ccea5b93d93080c3c7e8f459f1086163df7bb58",
            "raw-hash": "2ad00ee5754ff9faacf74eb22c741b40759563c5",
            "raw-length": 1485
        },
        {
            "mode": "f",
            "path": ".minecraft/versions/洛雨/kubejs/server_scripts/粉碎轮.js",
            "old-hash": "",
            "new-hash": "4d4759b6a271b3af59d5d1dc8f021ae38c08f7cc",
            "bzipped-hash": "638833a832c8dcfdcee62a9306c35e4d68963a58",
            "raw-hash": "4d4759b6a271b3af59d5d1dc8f021ae38c08f7cc",
            "raw-length": 14035
        },
        {
            "mode": "f",
            "path": ".minecraft/versions/洛雨/kubejs/server_scripts/融合机.js",
            "old-hash": "",
            "new-hash": "83194799dd887a71cc57aeda3667b1a79bdcbb0b",
            "bzipped-hash": "a35df04172bffe826e3b64cbe1bf241bfd97515c",
            "raw-hash": "83194799dd887a71cc57aeda3667b1a79bdcbb0b",
            "raw-length": 1936
        },
        {
            "mode": "f",
            "path": ".minecraft/versions/洛雨/mods/modid-1.0 (1).jar",
            "old-hash": "",
            "new-hash": "e181b8c47560fb77cc868a0bd3d0b60c84744265",
            "bzipped-hash": "f070b2ebd3de6cf34edaf0d29e6cc15ef3a1349f",
            "raw-hash": "e181b8c47560fb77cc868a0bd3d0b60c84744265",
            "raw-length": 102120
        }
    ]
}