{
    "new-folders": [
        ".minecraft",
        ".minecraft/versions",
        ".minecraft/versions/洛雨",
        ".minecraft/versions/洛雨/config",
        ".minecraft/versions/洛雨/config/ftbquests",
        ".minecraft/versions/洛雨/config/ftbquests/quests",
        ".minecraft/versions/洛雨/config/ftbquests/quests/chapters",
        ".minecraft/versions/洛雨/config/Mekanism",
        ".minecraft/versions/洛雨/kubejs",
        ".minecraft/versions/洛雨/kubejs/server_scripts",
        ".minecraft/versions/洛雨/mods",
        ".minecraft/versions/洛雨/scripts",
        "PCL"
    ],
    "move-files": [],
    "change-logs": [""],
    "old-files": [
        ".minecraft/versions/洛雨/config/ftbquests/quests/chapters/0B046F7C78DF8A9A.snbt",
        ".minecraft/versions/洛雨/config/ftbquests/quests/chapters/28C2CF74460C6ED4.snbt",
        ".minecraft/versions/洛雨/config/ftbquests/quests/chapters/71F4F50AEAF54B15.snbt",
        ".minecraft/versions/洛雨/config/ftbquests/quests/chapter_groups.snbt",
        ".minecraft/versions/洛雨/config/ftbquests/quests/data.snbt",
        ".minecraft/versions/洛雨/config/Mekanism/solarpanels.toml",
        ".minecraft/versions/洛雨/mods/embeddiumplus-1.18.2-v1.2.14.jar",
        ".minecraft/versions/洛雨/scripts/BanItem.zs",
        "PCL/Custom.xaml"
    ],
    "old-folders": [],
    "new-files": [
        {
            "mode": "f",
            "path": ".minecraft/versions/洛雨/config/ftbquests/quests/chapters/0B046F7C78DF8A9A.snbt",
            "old-hash": "",
            "new-hash": "e8919c140c5232b9fedb8f6b6e50e338d0ca37f6",
            "bzipped-hash": "6d859fba69df900d5361f5b41e0684e7761de74c",
            "raw-hash": "e8919c140c5232b9fedb8f6b6e50e338d0ca37f6",
            "raw-length": 3690
        },
        {
            "mode": "f",
            "path": ".minecraft/versions/洛雨/config/ftbquests/quests/chapters/28C2CF74460C6ED4.snbt",
            "old-hash": "",
            "new-hash": "689bdd2abad38cc49e93eea27fad8b2fc8a466af",
            "bzipped-hash": "fe0efbf40af95e432bbe85c61d173e86d81634ee",
            "raw-hash": "689bdd2abad38cc49e93eea27fad8b2fc8a466af",
            "raw-length": 10001
        },
        {
            "mode": "f",
            "path": ".minecraft/versions/洛雨/config/ftbquests/quests/chapters/71F4F50AEAF54B15.snbt",
            "old-hash": "",
            "new-hash": "a52e3a7aff8a6bd6862a48f6e2ba62af05dd6fcf",
            "bzipped-hash": "108358c2c1e98f81efa540a70132b432a7daa435",
            "raw-hash": "a52e3a7aff8a6bd6862a48f6e2ba62af05dd6fcf",
            "raw-length": 3317
        },
        {
            "mode": "f",
            "path": ".minecraft/versions/洛雨/config/ftbquests/quests/chapter_groups.snbt",
            "old-hash": "",
            "new-hash": "96a94513e340c3382d7e9dfb0cdd11d7a2380e06",
            "bzipped-hash": "d567ee6e56013adb72a67a52237293f12e398f6e",
            "raw-hash": "96a94513e340c3382d7e9dfb0cdd11d7a2380e06",
            "raw-length": 28
        },
        {
            "mode": "f",
            "path": ".minecraft/versions/洛雨/config/ftbquests/quests/data.snbt",
            "old-hash": "",
            "new-hash": "a94b6078ef03eb09076553bf3ddcc5ce6a5990e5",
            "bzipped-hash": "a171ccb8db94eac04a80730dd3701729def73c21",
            "raw-hash": "a94b6078ef03eb09076553bf3ddcc5ce6a5990e5",
            "raw-length": 424
        },
        {
            "mode": "f",
            "path": ".minecraft/versions/洛雨/config/Mekanism/solarpanels.toml",
            "old-hash": "",
            "new-hash": "258c6e76366eaa8e9b7d02dc2096df288c7c899a",
            "bzipped-hash": "1eaf88998cb92cca1aeccebba4396b1fcdd9941f",
            "raw-hash": "258c6e76366eaa8e9b7d02dc2096df288c7c899a",
            "raw-length": 1357
        },
        {
            "mode": "f",
            "path": ".minecraft/versions/洛雨/mods/embeddiumplus-1.18.2-v1.2.14.jar",
            "old-hash": "",
            "new-hash": "aed0d3887c1dc17e77f5ac7a153a3c641d676856",
            "bzipped-hash": "7bddef75035efa61a6607a8be7cdaab02d259089",
            "raw-hash": "aed0d3887c1dc17e77f5ac7a153a3c641d676856",
            "raw-length": 2569044
        },
        {
            "mode": "f",
            "path": ".minecraft/versions/洛雨/scripts/BanItem.zs",
            "old-hash": "",
            "new-hash": "d2c14076206220eb92dd5178b0243acee38a9ea7",
            "bzipped-hash": "a3964b38d37b3cd51d56cc3e23fcffe4fc7359ea",
            "raw-hash": "d2c14076206220eb92dd5178b0243acee38a9ea7",
            "raw-length": 31817
        },
        {
            "mode": "f",
            "path": "PCL/Custom.xaml",
            "old-hash": "",
            "new-hash": "a12ddd8576e524b05e62976988fced9a6e6c88db",
            "bzipped-hash": "0550ac6c1b4559bb6815c47b8caffc9d1984c10f",
            "raw-hash": "a12ddd8576e524b05e62976988fced9a6e6c88db",
            "raw-length": 6786
        }
    ]
}