{
    "new-folders": [],
    "move-files": [],
    "change-logs": [""],
    "old-files": [],
    "old-folders": [],
    "new-files": [
        {
            "mode": "f",
            "path": ".minecraft/versions/洛雨/mods/CTM-1.18.2-1.1.5+5.jar",
            "old-hash": "",
            "new-hash": "49d256455549130892de1ff9794f6ac07720b13b",
            "bzipped-hash": "e2e250958a8c77e8cc2dadaac75f6ae8a21c318c",
            "raw-hash": "49d256455549130892de1ff9794f6ac07720b13b",
            "raw-length": 192307
        },
        {
            "mode": "f",
            "path": ".minecraft/versions/洛雨/mods/entityculling-forge-1.6.1-mc1.18.2.jar",
            "old-hash": "",
            "new-hash": "7ef564e5aa9d6970f08a726576a1f7d2fbb3cd72",
            "bzipped-hash": "117e8be3588bd3ab76fe3065edb92dd707c36fd4",
            "raw-hash": "7ef564e5aa9d6970f08a726576a1f7d2fbb3cd72",
            "raw-length": 59875
        },
        {
            "mode": "f",
            "path": ".minecraft/versions/洛雨/mods/FluidDrawersLegacy-1.18.2-forge-2.4.0.jar",
            "old-hash": "",
            "new-hash": "e65aebb109f9ebce6b3b5dbc1b925a3d1d4c4881",
            "bzipped-hash": "f7fcbef661d08df914c586f2083fdb186075198f",
            "raw-hash": "e65aebb109f9ebce6b3b5dbc1b925a3d1d4c4881",
            "raw-length": 130641
        },
        {
            "mode": "f",
            "path": ".minecraft/versions/洛雨/mods/redirector-5.0.0.jar",
            "old-hash": "",
            "new-hash": "0b246b2648a2e463f243852fdd1ef8c2931da19c",
            "bzipped-hash": "371d70037eba4cb48c7193a586b2aeb864126224",
            "raw-hash": "0b246b2648a2e463f243852fdd1ef8c2931da19c",
            "raw-length": 5793
        }
    ]
}