{
    "new-folders": [],
    "move-files": [],
    "change-logs": [""],
    "old-files": [],
    "old-folders": [],
    "new-files": [
        {
            "mode": "f",
            "path": ".minecraft/versions/洛雨/kubejs/server_scripts/删除.js",
            "old-hash": "",
            "new-hash": "ecd65f48ce1d4699a23a01795599aa1ef78e004b",
            "bzipped-hash": "4ecf75b2b32ceade7d43aed733504e7ddba2db2f",
            "raw-hash": "ecd65f48ce1d4699a23a01795599aa1ef78e004b",
            "raw-length": 6138
        },
        {
            "mode": "f",
            "path": ".minecraft/versions/洛雨/kubejs/server_scripts/化学溶解室.js",
            "old-hash": "",
            "new-hash": "357eaa323efd6f735274a7bb8caaea889b2ff4c0",
            "bzipped-hash": "bd609a3952e8e9e01be6eeb3507b3cf1d2938545",
            "raw-hash": "357eaa323efd6f735274a7bb8caaea889b2ff4c0",
            "raw-length": 610
        },
        {
            "mode": "f",
            "path": ".minecraft/versions/洛雨/kubejs/server_scripts/反质子核合成器.js",
            "old-hash": "",
            "new-hash": "4dfb6f6368428b198cfdb110c6e95efb7c998278",
            "bzipped-hash": "4cac658c5f4719fc24a004f2382b73dee7b40703",
            "raw-hash": "4dfb6f6368428b198cfdb110c6e95efb7c998278",
            "raw-length": 845
        },
        {
            "mode": "f",
            "path": ".minecraft/versions/洛雨/kubejs/server_scripts/循环装配.js",
            "old-hash": "",
            "new-hash": "ce7933ff5840dfa34191bafab5490a5a1d3ccca4",
            "bzipped-hash": "5f3a0c7a6102c267f8f60c142c16a9bbff724559",
            "raw-hash": "ce7933ff5840dfa34191bafab5490a5a1d3ccca4",
            "raw-length": 33320
        },
        {
            "mode": "f",
            "path": ".minecraft/versions/洛雨/kubejs/server_scripts/无序.js",
            "old-hash": "",
            "new-hash": "4549215d077dcdef72ac63f80e6226b36292cc97",
            "bzipped-hash": "f8e4015f917b4da5607df1599ac4486ed1c7087d",
            "raw-hash": "4549215d077dcdef72ac63f80e6226b36292cc97",
            "raw-length": 1980
        },
        {
            "mode": "f",
            "path": ".minecraft/versions/洛雨/kubejs/server_scripts/粉碎轮.js",
            "old-hash": "",
            "new-hash": "5b1dab39019839c994437cdd4f7f33dbc9bdbdcf",
            "bzipped-hash": "4241be61aceb77be79372298b69984bef905d8eb",
            "raw-hash": "5b1dab39019839c994437cdd4f7f33dbc9bdbdcf",
            "raw-length": 12308
        },
        {
            "mode": "f",
            "path": ".minecraft/versions/洛雨/kubejs/server_scripts/融合机.js",
            "old-hash": "",
            "new-hash": "717b00ce62c9f6fe1e61a4ad7acf4c2d2295adba",
            "bzipped-hash": "c6e1023e1eb3c1980dc6dc2bf975b76d9251d854",
            "raw-hash": "717b00ce62c9f6fe1e61a4ad7acf4c2d2295adba",
            "raw-length": 1681
        },
        {
            "mode": "f",
            "path": ".minecraft/versions/洛雨/mods/modid-1.0.jar",
            "old-hash": "",
            "new-hash": "b0960987cf21693a9b579225742807e99065b36d",
            "bzipped-hash": "6a3caa19e96ebc37324c5ca9e1162b596c793446",
            "raw-hash": "b0960987cf21693a9b579225742807e99065b36d",
            "raw-length": 94914
        }
    ]
}