{
    "new-folders": [".minecraft/versions/洛雨/kubejs/server_scripts/枪械"],
    "move-files": [],
    "change-logs": [""],
    "old-files": [],
    "old-folders": [],
    "new-files": [
        {
            "mode": "f",
            "path": ".minecraft/versions/洛雨/kubejs/server_scripts/9x9.js",
            "old-hash": "",
            "new-hash": "8ac5defcca744f9f51c7d05365fdf3a3a02b3dd8",
            "bzipped-hash": "4bdff88de6057c675aa70ab615a63a2340825076",
            "raw-hash": "8ac5defcca744f9f51c7d05365fdf3a3a02b3dd8",
            "raw-length": 7130
        },
        {
            "mode": "f",
            "path": ".minecraft/versions/洛雨/kubejs/server_scripts/删除.js",
            "old-hash": "",
            "new-hash": "ff719f6a0ce5ca2a2f5c1ef326dcfc55ef5af55d",
            "bzipped-hash": "a093442b44524389523e9b3f46e131c7b6a3cfdb",
            "raw-hash": "ff719f6a0ce5ca2a2f5c1ef326dcfc55ef5af55d",
            "raw-length": 6333
        },
        {
            "mode": "f",
            "path": ".minecraft/versions/洛雨/kubejs/server_scripts/无序.js",
            "old-hash": "",
            "new-hash": "048ebd951037d76d03ad41baa1b269aca18b7531",
            "bzipped-hash": "0f4f4abc704fbe8517567ea5952897de7ba135c2",
            "raw-hash": "048ebd951037d76d03ad41baa1b269aca18b7531",
            "raw-length": 5278
        },
        {
            "mode": "f",
            "path": ".minecraft/versions/洛雨/kubejs/server_scripts/有序.js",
            "old-hash": "",
            "new-hash": "442a754b3deaf20c0ef16709abc997b9ef6ca26f",
            "bzipped-hash": "be99d74d7804e73e2bbb3eda673c0f105e66877d",
            "raw-hash": "442a754b3deaf20c0ef16709abc997b9ef6ca26f",
            "raw-length": 16340
        },
        {
            "mode": "f",
            "path": ".minecraft/versions/洛雨/kubejs/server_scripts/枪械/AKM.js",
            "old-hash": "",
            "new-hash": "83c9ca450886f8a748f73728a2f55d9dbbc5a086",
            "bzipped-hash": "10b5ad34da905e4531364374ab4422bfec9e43a3",
            "raw-hash": "83c9ca450886f8a748f73728a2f55d9dbbc5a086",
            "raw-length": 11482
        },
        {
            "mode": "f",
            "path": ".minecraft/versions/洛雨/kubejs/server_scripts/枪械/AWM.js",
            "old-hash": "",
            "new-hash": "4b1d560edbff150b6d1236d6b9a216619e208c93",
            "bzipped-hash": "f920dddcaa0baed84124718de6d16d8f9d2d0a36",
            "raw-hash": "4b1d560edbff150b6d1236d6b9a216619e208c93",
            "raw-length": 11025
        },
        {
            "mode": "f",
            "path": ".minecraft/versions/洛雨/kubejs/server_scripts/枪械/M249.js",
            "old-hash": "",
            "new-hash": "27f63fb9db9cdc4ddbb36fa6941abcc602754d84",
            "bzipped-hash": "391540e705846f02483d7d5cc2a59dac0df4546c",
            "raw-hash": "27f63fb9db9cdc4ddbb36fa6941abcc602754d84",
            "raw-length": 12406
        },
        {
            "mode": "f",
            "path": ".minecraft/versions/洛雨/kubejs/server_scripts/枪械/冲压.js",
            "old-hash": "",
            "new-hash": "44ca771b0f346e1692802ff49065c98f14782e34",
            "bzipped-hash": "ab669e517d4d15fab31b9fcea115e65064152b21",
            "raw-hash": "44ca771b0f346e1692802ff49065c98f14782e34",
            "raw-length": 5833
        },
        {
            "mode": "f",
            "path": ".minecraft/versions/洛雨/kubejs/server_scripts/枪械/子弹.js",
            "old-hash": "",
            "new-hash": "68bfe47bc3ca80072b66a45b4d121c09c0ed75f5",
            "bzipped-hash": "ab31718c0a5208fe6b4a689003591d72f21dd55b",
            "raw-hash": "68bfe47bc3ca80072b66a45b4d121c09c0ed75f5",
            "raw-length": 7744
        },
        {
            "mode": "f",
            "path": ".minecraft/versions/洛雨/kubejs/server_scripts/枪械/格洛克17.js",
            "old-hash": "",
            "new-hash": "749ca45ed282e4e0812bb0eee1483a985b1ca244",
            "bzipped-hash": "96fe4a5429966d9da2fbae74d5cbe05e8b4ba9c3",
            "raw-hash": "749ca45ed282e4e0812bb0eee1483a985b1ca244",
            "raw-length": 13612
        },
        {
            "mode": "f",
            "path": ".minecraft/versions/洛雨/kubejs/server_scripts/枪械/砂轮.js",
            "old-hash": "",
            "new-hash": "4c34b2c308868a44bc6ac04bba2acd149d798157",
            "bzipped-hash": "0841bdba2513f1b3d8bc224b07b1ee51a8000998",
            "raw-hash": "4c34b2c308868a44bc6ac04bba2acd149d798157",
            "raw-length": 277
        },
        {
            "mode": "f",
            "path": ".minecraft/versions/洛雨/kubejs/server_scripts/枪械/离心.js",
            "old-hash": "",
            "new-hash": "51b0605ece3807421641c8fba145145308e4f5b5",
            "bzipped-hash": "c8a7e739d6676d5b8b4457595141b5c15b0e24d6",
            "raw-hash": "51b0605ece3807421641c8fba145145308e4f5b5",
            "raw-length": 382
        },
        {
            "mode": "f",
            "path": ".minecraft/versions/洛雨/kubejs/server_scripts/枪械/蓝图.js",
            "old-hash": "",
            "new-hash": "3aa1afbe203aee49cd05a74be5061d66cca44abe",
            "bzipped-hash": "562555d4c36d96276e5e03c27d0e401735b7a8ef",
            "raw-hash": "3aa1afbe203aee49cd05a74be5061d66cca44abe",
            "raw-length": 5026
        },
        {
            "mode": "f",
            "path": ".minecraft/versions/洛雨/kubejs/server_scripts/枪械/车床.js",
            "old-hash": "",
            "new-hash": "42fd533a0319ba3ea884cac14b93dd08606ec2ca",
            "bzipped-hash": "0332ec14775cc756b9c9b73f64daeb9c91b9912e",
            "raw-hash": "42fd533a0319ba3ea884cac14b93dd08606ec2ca",
            "raw-length": 2134
        },
        {
            "mode": "f",
            "path": ".minecraft/versions/洛雨/kubejs/server_scripts/沉浸粉碎机.js",
            "old-hash": "",
            "new-hash": "0f9fe78f89ba0144df6c18498a1e1c2dc09588e3",
            "bzipped-hash": "ec2a24de969eea23e10fe03203c426eef0e7b313",
            "raw-hash": "0f9fe78f89ba0144df6c18498a1e1c2dc09588e3",
            "raw-length": 3674
        },
        {
            "mode": "f",
            "path": ".minecraft/versions/洛雨/kubejs/server_scripts/粉碎轮.js",
            "old-hash": "",
            "new-hash": "1aaa7637c191b489abbf5998e34c1617eccac0eb",
            "bzipped-hash": "9333e0f2d00a221063c2d1c20ff498ce1225ca1d",
            "raw-hash": "1aaa7637c191b489abbf5998e34c1617eccac0eb",
            "raw-length": 11744
        },
        {
            "mode": "f",
            "path": ".minecraft/versions/洛雨/mods/modid-1.0.jar",
            "old-hash": "",
            "new-hash": "3a1eb8354311b396aee99f9f12157311f5426d44",
            "bzipped-hash": "bbcdd4dd7779ce3b7e80602b6684288292cda0e5",
            "raw-hash": "3a1eb8354311b396aee99f9f12157311f5426d44",
            "raw-length": 142672
        }
    ]
}