{
    "new-folders": [],
    "move-files": [],
    "change-logs": [""],
    "old-files": [],
    "old-folders": [],
    "new-files": [
        {
            "mode": "f",
            "path": ".minecraft/versions/洛雨/mods/vintageimprovements-1.18.2-0.1.5.1.jar",
            "old-hash": "",
            "new-hash": "3b43fefc9dd3c939bd08288a2fa70445509df0ea",
            "bzipped-hash": "f2c29e2a9c03cb397e2ce34502eb07539c9c5676",
            "raw-hash": "3b43fefc9dd3c939bd08288a2fa70445509df0ea",
            "raw-length": 1135387
        },
        {
            "mode": "f",
            "path": ".minecraft/versions/洛雨/mods/vintageimprovements-1.18.2-0.2.0.2.jar",
            "old-hash": "",
            "new-hash": "1eed79f84d10d2b60fb1b5270680ea81fd216c51",
            "bzipped-hash": "f1bc55c4aede441def1d525152fb6739e3cd1f0c",
            "raw-hash": "1eed79f84d10d2b60fb1b5270680ea81fd216c51",
            "raw-length": 1366455
        }
    ]
}